URL,Last crawled
https://www.objectwire.org/tags/nonprofits,2026-04-28
https://www.objectwire.org/tags/bianca-dias-bbl-death-brazil-insurance-shift,2026-04-27
https://www.objectwire.org/tags/fabletics,2026-04-27
https://www.objectwire.org/blitzy-ai-powered-autonomous-software-development,2026-04-27
https://www.objectwire.org/tags/nvidia,2026-04-27
https://www.objectwire.org/influencer/news/logan-paul-sells-pokemon-card-16-million,2026-04-27
https://www.objectwire.org/tags/007-first-light,2026-04-27
https://www.objectwire.org/tags/alphabet-inc-the-history-of-google,2026-04-27
https://www.objectwire.org/tags/gpu-interconnect,2026-04-27
https://www.objectwire.org/tags/racing,2026-04-27
https://www.objectwire.org/youtube/sidemen/ksi/dagenham-redbridge,2026-04-27
https://www.objectwire.org/tags/sidemen,2026-04-27
https://www.objectwire.org/tags/cloudflare,2026-04-27
https://www.objectwire.org/tags/first-ai-insurance-apps,2026-04-27
https://www.objectwire.org/video-games/anime/hunter-hunter-nen-survivor,2026-04-27
https://www.objectwire.org/winter-olympics/slovenia/domen-prevc,2026-04-27
https://www.objectwire.org/influencer/kirstentoosweet,2026-04-27
https://www.objectwire.org/tags/pentagon,2026-04-27
https://www.objectwire.org/tags/asset-collection,2026-04-27
https://www.objectwire.org/tags/affordability,2026-04-27
https://www.objectwire.org/tags/f1,2026-04-27
https://www.objectwire.org/influencer/bryson-dechambeau,2026-04-27
https://www.objectwire.org/tags/national-security,2026-04-27
https://www.objectwire.org/tags/sam-altman,2026-04-26
https://www.objectwire.org/tags/non-league-football,2026-04-26
https://www.objectwire.org/tags/sam-altman-visits-hedera-team,2026-04-26
https://www.objectwire.org/tags/rockstar-gta6-psn-profile-exploit,2026-04-26
https://www.objectwire.org/tags/alls-justice,2026-04-26
https://www.objectwire.org/winter-olympics/austria/janine-flock,2026-04-26
https://www.objectwire.org/video-games/news/rocket-league-season-22-v2-66-patch-notes,2026-04-26
https://www.objectwire.org/video-games/anime/seven-deadly-sins-origin,2026-04-26
https://www.objectwire.org/tags/oftebro-second-nordic-combined-gold,2026-04-26
https://www.objectwire.org/tags/polyphony-digital,2026-04-26
https://www.objectwire.org/tags/serge-gatari,2026-04-26
https://www.objectwire.org/tags/nyse-ma,2026-04-26
https://www.objectwire.org/tags/boxing,2026-04-26
https://www.objectwire.org/tags/china-japan-standoff-2026,2026-04-26
https://www.objectwire.org/tags/falcon,2026-04-26
https://www.objectwire.org/formula-1/stefano-domenicali,2026-04-26
https://www.objectwire.org/tags/stablecoins,2026-04-26
https://www.objectwire.org/tags/valve-ships-cs2-animation-overhaul-not-cs3-april-2026,2026-04-26
https://www.objectwire.org/tags/ken-jennings,2026-04-26
https://www.objectwire.org/microsoft/news/xbox-co-creator-microsoft-sunsetting-gaming-ai,2026-04-26
https://www.objectwire.org/tags/moon,2026-04-26
https://www.objectwire.org/tags/arknights-endfield,2026-04-26
https://www.objectwire.org/tags/johannes-klaebo,2026-04-26
https://www.objectwire.org/tags/definitions,2026-04-26
https://www.objectwire.org/tags/austin-tech-hub-decline,2026-04-26
https://www.objectwire.org/tags/gpu,2026-04-26
https://www.objectwire.org/tags/txc-stablecoin,2026-04-26
https://www.objectwire.org/tags/battle-royale,2026-04-26
https://www.objectwire.org/tags/gta-6-pre-orders-playstation-store-database-update-march-2026,2026-04-26
https://www.objectwire.org/tags/formula-1,2026-04-26
https://www.objectwire.org/tags/tokenization,2026-04-26
https://www.objectwire.org/tags/yellz0,2026-04-25
https://www.objectwire.org/tags/xaut,2026-04-25
https://www.objectwire.org/tags/apple-google-gemini-partnership,2026-04-25
https://www.objectwire.org/tags/dc-comics,2026-04-25
https://www.objectwire.org/tags/asml-hutto-semiconductor,2026-04-25
https://www.objectwire.org/tags/spacex,2026-04-25
https://www.objectwire.org/tags/star-wars,2026-04-25
https://www.objectwire.org/tags/investigations,2026-04-25
https://www.objectwire.org/tags/ethan-payne,2026-04-25
https://www.objectwire.org/tags/middle-east,2026-04-25
https://www.objectwire.org/tags/mha,2026-04-25
https://www.objectwire.org/tags/corrections,2026-04-25
https://www.objectwire.org/tags/georgia,2026-04-25
https://www.objectwire.org/tags/azure,2026-04-25
https://www.objectwire.org/tags/claude-sonnet-4.6,2026-04-25
https://www.objectwire.org/tags/marvel,2026-04-25
https://www.objectwire.org/tags/blog,2026-04-25
https://www.objectwire.org/tags/josh-damaro,2026-04-25
https://www.objectwire.org/youtube/sidemen/chippo-grimes,2026-04-25
https://www.objectwire.org/technology/alibaba/wukong-ai-agent-enterprise-platform-march-2026,2026-04-25
https://www.objectwire.org/tags/luca-spechenhauser,2026-04-25
https://www.objectwire.org/tags/intel,2026-04-25
https://www.objectwire.org/tags/hulu,2026-04-25
https://www.objectwire.org/tags/ilia-malinin,2026-04-25
https://www.objectwire.org/video-games/007-first-light/news/lenny-kravitz-bawma-cinematic-ign-fan-fest,2026-04-25
https://www.objectwire.org/tags/alysa-liu,2026-04-25
https://www.objectwire.org/tags/epic,2026-04-25
https://www.objectwire.org/tech/alphafold-protein-complex-structures-database-2026,2026-04-25
https://www.objectwire.org/tags/hbo,2026-04-25
https://www.objectwire.org/elon-musk/spacex-xai-merger-1-75-trillion-ipo-orbital-ai-2026,2026-04-25
https://www.objectwire.org/tags/jason,2026-04-25
https://www.objectwire.org/tags/about,2026-04-25
https://www.objectwire.org/tech/perplexity/news/perplexity-computer-agentic-ai-platform-explained-2026,2026-04-25
https://www.objectwire.org/tags/dragon-ball,2026-04-25
https://www.objectwire.org/video-games/mha/alls-justice,2026-04-25
https://www.objectwire.org/tags/trade,2026-04-25
https://www.objectwire.org/tags/biathlon-relay-gold-perrot-2026,2026-04-25
https://www.objectwire.org/winter-olympics/usa/darryl-payne-jr,2026-04-25
https://www.objectwire.org/disney/josh-damaro,2026-04-25
https://www.objectwire.org/tags/sora,2026-04-25
https://www.objectwire.org/tags/instagram,2026-04-25
https://www.objectwire.org/cursor/automations-event-driven-ai-coding,2026-04-25
https://www.objectwire.org/tags/card-networks,2026-04-25
https://www.objectwire.org/tags/grok-xai-pentagon-classified-approval-federal-safety-warnings-2026,2026-04-25
https://www.objectwire.org/tags/ai-data-centers,2026-04-25
https://www.objectwire.org/tags/minesoda,2026-04-25
https://www.objectwire.org/tags/qualcomm-nvidia-6g-coalitions-mwc-2026,2026-04-25
https://www.objectwire.org/tags/copyright,2026-04-25
https://www.objectwire.org/trump/news/trump-administration-10-billion-fee-tiktok-deal,2026-04-25
https://www.objectwire.org/social/meta/news/meta-targeted-layoffs-reality-labs-social-teams-march-2026,2026-04-25
https://www.objectwire.org/winter-olympics/usa/jordan-stolz,2026-04-25
https://www.objectwire.org/team,2026-04-25
https://www.objectwire.org/tags/test,2026-04-25
https://www.objectwire.org/microsoft/news/apple-five-new-products-march-2026,2026-04-25
https://www.objectwire.org/entertainment/news/jack-ryan-ghost-war-trailer-prime-video-2026,2026-04-25
https://www.objectwire.org/events/gdc-2026/valve-steam-machine-steam-frame-compatibility-gdc-2026,2026-04-25
https://www.objectwire.org/influencer/alanforze/supernova-genesis-2026-netflix-arena-ciudad-de-mexico,2026-04-25
https://www.objectwire.org/tags/apple-gemini-siri-upgrade-march-2026,2026-04-25
https://www.objectwire.org/tech,2026-04-25
https://www.objectwire.org/influencer/eden-gross,2026-04-25
https://www.objectwire.org/tags/pirate,2026-04-24
https://www.objectwire.org/tags/terms,2026-04-24
https://www.objectwire.org/tags/pokopia,2026-04-24
https://www.objectwire.org/tiktok/seedance-2.0,2026-04-24
https://www.objectwire.org/tags/ai,2026-04-24
https://www.objectwire.org/news?category=podcasts,2026-04-24
https://www.objectwire.org/get-help/contact,2026-04-24
https://www.objectwire.org/trump/news/trump-ai-kill-switch-mythos-regulators,2026-04-24
https://www.objectwire.org/crypto,2026-04-24
https://www.objectwire.org/video-games/nintendo/google-project-genie-ai-knockoffs,2026-04-24
https://www.objectwire.org/google/ai-coding-strike-team-antigravity-claude-code-2026,2026-04-24
https://www.objectwire.org/tags/xai,2026-04-24
https://www.objectwire.org/intel/news/intel-joins-musk-terafab-ai-chip-project-texas,2026-04-24
https://www.objectwire.org/events/gtc-2026,2026-04-24
https://www.objectwire.org/define/what-is-esports,2026-04-24
https://www.objectwire.org/tags/skims,2026-04-24
https://www.objectwire.org/define/what-is-bitcoin-halving,2026-04-24
https://www.objectwire.org/tags/acquisition,2026-04-24
https://www.objectwire.org/video-games/switch2/super-mario-wonder-switch2-edition-bellabel-park,2026-04-24
https://www.objectwire.org/claude/news/anthropic-government-id-verification-claude,2026-04-24
https://www.objectwire.org/claude/news/anthropic-claude-design-conversational-visual-canvas-canva-partnership,2026-04-24
https://www.objectwire.org/video-games/ubisoft,2026-04-24
https://www.objectwire.org/define/what-is-defi,2026-04-24
https://www.objectwire.org/define/what-is-an-llm,2026-04-23
https://www.objectwire.org/tags/general-motors,2026-04-23
https://www.objectwire.org/tags/ai-agent,2026-04-23
https://www.objectwire.org/entertainment/hbo-max/harry-potter-series-unprecedented-financial-commitment-hbo,2026-04-23
https://www.objectwire.org/bio-hacking/news/rockefeller-crispr-stem-cell-living-drug-factory-hiv-malaria-influenza,2026-04-23
https://www.objectwire.org/open-ai/news/world-worldcoin-tools-for-humanity-deep-face-tinder-zoom-docusign-human-id,2026-04-23
https://www.objectwire.org/tags/star-wars-zero-company,2026-04-23
https://www.objectwire.org/world-cup/news/fifa-world-cup-2026-final-halftime-show-chris-martin,2026-04-23
https://www.objectwire.org/tags/italy,2026-04-23
https://www.objectwire.org/video-games/news/arc-raiders-discord-plaintext-security,2026-04-23
https://www.objectwire.org/finance/news/charles-schwab-prediction-markets-rick-wurster-2026,2026-04-23
https://www.objectwire.org/youtube/chicos-toxicos/sava-schultz,2026-04-23
https://www.objectwire.org/tags/premier-league,2026-04-23
https://www.objectwire.org/authors/jack-sterling,2026-04-23
https://www.objectwire.org/tech/anthropic-private-equity-10-billion-blackstone-joint-venture-2026,2026-04-23
https://www.objectwire.org/video-games/switch2/pokemon-pokopia,2026-04-23
https://www.objectwire.org/nvidia/news/blackwell-b300-vs-amd-mi300x-vs-google-tpu-v6-2026-benchmark,2026-04-23
https://www.objectwire.org/tags/steve-will-do-it-kicked-of-logan-paul-s-podcast-making-an-official-return-to-youtube,2026-04-23
https://www.objectwire.org/microsoft/news/project-helix-xbox-pc-hybrid-console,2026-04-23
https://www.objectwire.org/video-games/news/outersloth-rejects-ai,2026-04-23
https://www.objectwire.org/tags/security,2026-04-23
https://www.objectwire.org/tags/wukong-ai-agent-enterprise-platform-march-2026,2026-04-23
https://www.objectwire.org/video-games/nintendo/donkey-kong-bananza,2026-04-23
https://www.objectwire.org/news/ubc-crispr-topical-gene-therapy-skin,2026-04-23
https://www.objectwire.org/tags/jordan-stolz,2026-04-23
https://www.objectwire.org/tags/swiss-skier-von-allmen-wins-third-gold,2026-04-23
https://www.objectwire.org/tags/sandfall-interactive,2026-04-23
https://www.objectwire.org/tags/hbar,2026-04-23
https://www.objectwire.org/tags/cognyte,2026-04-23
https://www.objectwire.org/google/news/gemini-embedding-2-multimodal-embedding-model,2026-04-23
https://www.objectwire.org/editorial-standards,2026-04-23
https://www.objectwire.org/meta/news/meta-poaches-thinking-machines-lab-founders-mira-murati-2026,2026-04-23
https://www.objectwire.org/tags/american-express,2026-04-23
https://www.objectwire.org/entertainment,2026-04-23
https://www.objectwire.org/amazon/news/aws-uae-data-center-fire-iran-strikes-march-2026,2026-04-23
https://www.objectwire.org/austin-private-detective-agency,2026-04-23
https://www.objectwire.org/tags/beast-games,2026-04-23
https://www.objectwire.org/influencer/diamond-gym,2026-04-23
https://www.objectwire.org/meta/news/meta-broadcom-mtia-chip-partnership-2029-hock-tan,2026-04-23
https://www.objectwire.org/privacy-policy,2026-04-23
https://www.objectwire.org/tags/fifa-backs-mexico-after-cartel-violence-jalisco,2026-04-23
https://www.objectwire.org/site-index,2026-04-23
https://www.objectwire.org/define/prediction-market/binance-launches-prediction-market,2026-04-23
https://www.objectwire.org/tags/shopify-agentic-storefronts-chatgpt-default-march-2026,2026-04-23
https://www.objectwire.org/finance,2026-04-23
https://www.objectwire.org/apple/news/apple-ceo-transition-tim-cook-steps-down-john-ternus-2026,2026-04-23
https://www.objectwire.org/google/news/google-deepmind-claude-code-steve-yegge-demis-hassabis-2026,2026-04-23
https://www.objectwire.org/open-ai/news/symphony-open-source-autonomous-coding-agents,2026-04-23
https://www.objectwire.org/tags/daddywellness,2026-04-23
https://www.objectwire.org/tags/dispatch-adhoc-studio,2026-04-23
https://www.objectwire.org/tags/alphafold-protein-complex-structures-database-2026,2026-04-23
https://www.objectwire.org/tags/w2s,2026-04-23
https://www.objectwire.org/login,2026-04-23
https://www.objectwire.org/trump/god-squad-gulf-drilling-esa-exemption,2026-04-22
https://www.objectwire.org/influencer/ari-kytsya,2026-04-22
https://www.objectwire.org/entertainment/netflix,2026-04-22
https://www.objectwire.org/tags/saas,2026-04-22
https://www.objectwire.org/tags/class-action-jensen-huang-crypto-revenue-2026,2026-04-22
https://www.objectwire.org/tags/payments,2026-04-22
https://www.objectwire.org/tags/apple-podcasts,2026-04-22
https://www.objectwire.org/tags/ai-course-review,2026-04-22
https://www.objectwire.org/tags/survivor,2026-04-22
https://www.objectwire.org/tags/analysis,2026-04-22
https://www.objectwire.org/tags/disney,2026-04-22
https://www.objectwire.org/winter-olympics/norway/johannes-klaebo,2026-04-22
https://www.objectwire.org/define/agentic-ai,2026-04-22
https://www.objectwire.org/tags/my-hero-ultra-rumble,2026-04-22
https://www.objectwire.org/tags/starlink-economic-analysis,2026-04-22
https://www.objectwire.org/tags/doordash-snap-ebt,2026-04-22
https://www.objectwire.org/tags/dawn-of-orbital-ai,2026-04-22
https://www.objectwire.org/tags/music,2026-04-22
https://www.objectwire.org/tags/usa,2026-04-22
https://www.objectwire.org/tags/usdt,2026-04-22
https://www.objectwire.org/nvidia/news/nvidia-engineer-inference-budget-token-salary-gtc-2026,2026-04-22
https://www.objectwire.org/tags/mrbeast-launches-beast-games-season-2-casting,2026-04-22
https://www.objectwire.org/influencer/daddywellness,2026-04-22
https://www.objectwire.org/tags/neverness-to-everness,2026-04-22
https://www.objectwire.org/world-cup,2026-04-22
https://www.objectwire.org/tags/epic-games-sues-fortnite-leaks-contractor,2026-04-22
https://www.objectwire.org/tags/flash-point-update,2026-04-22
https://www.objectwire.org/winter-olympics/usa/team-usa-wins-five-medals-across-five-sports,2026-04-22
https://www.objectwire.org/youtube/sidemen/charity-match-results-2026,2026-04-22
https://www.objectwire.org/news/texas/lifetime-fitness-austin-new-location-opening-in-2025-november-1301-south-lamar,2026-04-22
https://www.objectwire.org/youtube/sidemen/miniminter,2026-04-22
https://www.objectwire.org/news,2026-04-22
https://www.objectwire.org/tags/jack-wang,2026-04-22
https://www.objectwire.org/tags/winter-olympics,2026-04-22
https://www.objectwire.org/tags/contractor,2026-04-22
https://www.objectwire.org/saas/general-motors,2026-04-22
https://www.objectwire.org/tags/announcement-from-the-new-tiktok-usds-joint-venture-llc,2026-04-22
https://www.objectwire.org/tags/mrbeast,2026-04-22
https://www.objectwire.org/tags/creative-director,2026-04-22
https://www.objectwire.org/tags/fortnite,2026-04-22
https://www.objectwire.org/tags/omnibus-project,2026-04-22
https://www.objectwire.org/tags/xrp,2026-04-22
https://www.objectwire.org/entertainment/survivor,2026-04-22
https://www.objectwire.org/tags/tv,2026-04-22
https://www.objectwire.org/tags/life-biosciences-fda-clearance-epigenetic-reprogramming-er-100,2026-04-22
https://www.objectwire.org/tags/defi,2026-04-22
https://www.objectwire.org/influencer/diamond-gym/prime,2026-04-22
https://www.objectwire.org/winter-olympics/usa/hannah-bilka,2026-04-22
https://www.objectwire.org/tags/earth,2026-04-22
https://www.objectwire.org/tags/largest-prediction-markets-united-states-2026,2026-04-22
https://www.objectwire.org/trump/trump-totalenergies-928m-offshore-wind-exit,2026-04-22
https://www.objectwire.org/tags/charity-match,2026-04-22
https://www.objectwire.org/tags/web3,2026-04-22
https://www.objectwire.org/tags/vans,2026-04-22
https://www.objectwire.org/tags/fintech,2026-04-22
https://www.objectwire.org/tags/open-world,2026-04-22
https://www.objectwire.org/tags/eledon-pharmaceuticals-cd40l-pathway-therapies,2026-04-22
https://www.objectwire.org/tags/ultra-rumble,2026-04-22
https://www.objectwire.org/tags/emergency-surgery-after-crash,2026-04-22
https://www.objectwire.org/tags/2025,2026-04-22
https://www.objectwire.org/tags/elixir,2026-04-22
https://www.objectwire.org/tags/netflix,2026-04-22
https://www.objectwire.org/tags/influencer,2026-04-22
https://www.objectwire.org/tags/cuba,2026-04-22
https://www.objectwire.org/tech/news/gaming-industry-layoffs-ea-sony-riot-ubisoft-february-2026,2026-04-22
https://www.objectwire.org/tags/nvidia-engineer-inference-budget-token-salary-gtc-2026,2026-04-22
https://www.objectwire.org/tags/pearl-abyss,2026-04-22
https://www.objectwire.org/_next/static/media/83afe278b6a6bb3c-s.p.3a6ba036.woff2,2026-04-22
https://www.objectwire.org/tags/indie-devs-dlss5-boycott-new-blood-interactive,2026-04-22
https://www.objectwire.org/tags/cars,2026-04-22
https://www.objectwire.org/tags/valve-corporation,2026-04-22
https://www.objectwire.org/tags/chips,2026-04-22
https://www.objectwire.org/video-games/new/windrose/release-date-holdoff,2026-04-22
https://www.objectwire.org/news/alibaba-qwen-3-6-model-preview-responses-api-typescript-sdk-2026,2026-04-22
https://www.objectwire.org/get-help,2026-04-22
https://www.objectwire.org/tags/warner-bros.-discovery,2026-04-22
https://www.objectwire.org/youtube/sidemen/arthur-tv,2026-04-22
https://www.objectwire.org/tags/rocket-league-season-22-v2-66-patch-notes,2026-04-22
https://www.objectwire.org/trump/kristi-noem,2026-04-22
https://www.objectwire.org/events/news/github-universe-october-28th-and-29th-san-francisco,2026-04-22
https://www.objectwire.org/amazon/news/amazon-one-medical-glp1-hims-hers-price-war-2026,2026-04-22
https://www.objectwire.org/claude/news/anthropic-claude-pro-plan-claude-code-access-2026,2026-04-22
https://www.objectwire.org/artists/don-toliver/octane-review-features,2026-04-22
https://www.objectwire.org/events/sxsw,2026-04-22
https://www.objectwire.org/influencer/serge-gatari,2026-04-22
https://www.objectwire.org/artists/yeat,2026-04-22
https://www.objectwire.org/service,2026-04-22
https://www.objectwire.org/tags/bitcoin,2026-04-22
https://www.objectwire.org/tags/roguelike,2026-04-22
https://www.objectwire.org/technology,2026-04-22
https://www.objectwire.org/tags/surveillance,2026-04-22
https://www.objectwire.org/winter-olympics/georgia/first-winter-olympic-medal-figure-skating,2026-04-22
https://www.objectwire.org/tags/social-media,2026-04-22
https://www.objectwire.org/define/difference-between-http-and-rest-api-servers,2026-04-22
https://www.objectwire.org/define/vibe-coding,2026-04-21
https://www.objectwire.org/tags/kaiser-permanente-ufcw-contract-ai-protections-2026,2026-04-21
https://www.objectwire.org/authors,2026-04-21
https://www.objectwire.org/define/hetzner-cloud-vs-digitalocean,2026-04-21
https://www.objectwire.org/tags/project-helix,2026-04-21
https://www.objectwire.org/redbull,2026-04-21
https://www.objectwire.org/tags/18a,2026-04-21
https://www.objectwire.org/redbull/chariot-race-missouri-2026,2026-04-21
https://www.objectwire.org/tags/claude-hacker-puerto-vallarta,2026-04-21
https://www.objectwire.org/tags/john-roderick,2026-04-21
https://www.objectwire.org/video-games/epic,2026-04-21
https://www.objectwire.org/tags/sanders-aoc-ai-data-center-moratorium-act-march-2026,2026-04-21
https://www.objectwire.org/_next/static/media/fba5a26ea33df6a3-s.p.1bbdebe6.woff2,2026-04-21
https://www.objectwire.org/tags/nycs-ranked-choice-voting-system-faces-scrutiny,2026-04-21
https://www.objectwire.org/tags/take-two-ai-team-shake-up-2026,2026-04-21
https://www.objectwire.org/video-games/forza-horizon-6/news/pre-launch-511k-steam-presales-alinea-analytics-2026,2026-04-21
https://www.objectwire.org/tags/gamestop-ps3-xbox-360-wii-u-retro-consoles-march-2026,2026-04-21
https://www.objectwire.org/newsarticle/test,2026-04-21
https://www.objectwire.org/tags/phineas-ferb-skins-april-2026,2026-04-21
https://www.objectwire.org/entertainment/marvel/avengers-doomsday-trailer-cinemacon-2026-robert-downey-jr,2026-04-21
https://www.objectwire.org/tech/news/softbank-natural-ai-phone-brain-technologies-japan-2026,2026-04-21
https://www.objectwire.org/tags/digital-realty,2026-04-21
https://www.objectwire.org/tags/apple-removes-anything-vibe-coding-app-store-2026,2026-04-21
https://www.objectwire.org/video-games/toxic-comando,2026-04-21
https://www.objectwire.org/investigations/rappers/d4vd-arrested-murder-celeste-rivas-hernandez-tesla,2026-04-21
https://www.objectwire.org/tags/alphabet-raises-32b-in-24-hours-with-rare-100-year-bond,2026-04-21
https://www.objectwire.org/tags/blackwell-b300-vs-amd-mi300x-vs-google-tpu-v6-2026-benchmark,2026-04-21
https://www.objectwire.org/tags/midas-50m-series-a-rwa-tokenization-liquidity,2026-04-21
https://www.objectwire.org/tags/cloudflare-dynamic-workers-open-beta-ai-code-execution-2026,2026-04-21
https://www.objectwire.org/trump/musk-pay-tsa-workers-shutdown,2026-04-21
https://www.objectwire.org/tags/ark-raiders,2026-04-21
https://www.objectwire.org/tags/vision-pro,2026-04-21
https://www.objectwire.org/tags/vast-freshwater-reservoir-found-beneath-great-salt-lake-2026,2026-04-21
https://www.objectwire.org/tags/ai-moderation,2026-04-21
https://www.objectwire.org/tags/rainbow-six-siege-operation-silent-hunt-y11s1-solid-snake,2026-04-21
https://www.objectwire.org/video-games/top-10-anime-games-2026,2026-04-21
https://www.objectwire.org/tags/jim-keller,2026-04-21
https://www.objectwire.org/tags/flash-attention-3-vs-turboquant-vs-paged-kv-cache-llm-optimization,2026-04-21
https://www.objectwire.org/tags/chatgpt-brand-apps-realtor-sephora-in-platform-commerce,2026-04-20
https://www.objectwire.org/cars/porsche,2026-04-20
https://www.objectwire.org/cars/porsche/911-gt3-sc-sport-cabriolet-reveal-2026,2026-04-20
https://www.objectwire.org/copyright/sony/playstation-age-verification-psn-online-safety-laws-2026,2026-04-20
https://www.objectwire.org/entertainment/movies/street-fighter-movie-2026-trailer-cinemacon-cast-world-warrior,2026-04-20
https://www.objectwire.org/lawsuit/california-files-againast-amazon-after-emails-reveiled,2026-04-20
https://www.objectwire.org/tech/news/adobe-firefly-ai-assistant-canva-ai-2-agentic-design-2026,2026-04-20
https://www.objectwire.org/tech/stripe/stripe-stablecoins-aws-for-money-payments-2026,2026-04-20
https://www.objectwire.org/video-games/capcom,2026-04-20
https://www.objectwire.org/video-games/capcom/pragmata-one-million-units-2-days-launch-2026,2026-04-20
https://www.objectwire.org/video-games/windrose/windrose-222k-concurrent-players-steam-viral-indie-2026,2026-04-20
https://www.objectwire.org/google/news/iran-cyber-attacks-google-threat-intelligence-march-2026,2026-04-20
https://www.objectwire.org/video-games/battlefield-6/news/2026-roadmap-seasons-3-4-5-naval-warfare-back-to-roots,2026-04-19
https://www.objectwire.org/tags/host-cities-security-funding-frozen-dhs-shutdown,2026-04-19
https://www.objectwire.org/tags/ai-development,2026-04-18
https://www.objectwire.org/entertainment/news/conan-obrien-hosting-98th-oscars-abc-hulu,2026-04-18
https://www.objectwire.org/tags/emx-royalty,2026-04-18
https://www.objectwire.org/tags/cristiana-love,2026-04-18
https://www.objectwire.org/clothing/new-balance,2026-04-18
https://www.objectwire.org/about,2026-04-18
https://www.objectwire.org/bio-hacking/news/science-study-3000-genes-sex-differences-human-brain-decasien-2026,2026-04-17
https://www.objectwire.org/netflix/news/netflix-q1-2026-earnings-tiktok-feed-ben-affleck-interpositive-reed-hastings,2026-04-17
https://www.objectwire.org/news/binance-prediction-markets-keyless-wallet-on-chain-probability-trading,2026-04-17
https://www.objectwire.org/bio-hacking/news/oslo-patient-hiv-cure-ccr5-bone-marrow-transplant-2026,2026-04-17
https://www.objectwire.org/entertainment/news/project-hail-mary-vr-game-journey-among-the-stars-meta-quest,2026-04-17
https://www.objectwire.org/entertainment/news/super-mario-galaxy-movie-371m-global-box-office-opening,2026-04-17
https://www.objectwire.org/redbull/news/red-bull-racing-crisis-2026-verstappen-exit-brain-drain,2026-04-17
https://www.objectwire.org/tech/asml-euv-lithography-profile,2026-04-17
https://www.objectwire.org/influencer/tren-twins,2026-04-17
https://www.objectwire.org/tags/rocket-league,2026-04-17
https://www.objectwire.org/crypto/news/visa-usdc-solana-settlement-lead-bank-cross-river,2026-04-17
https://www.objectwire.org/finance/lead-bank-crypto-infrastructure,2026-04-17
https://www.objectwire.org/finance/news/lead-bank-visa-usdc-solana-crypto-settlement,2026-04-17
https://www.objectwire.org/world-cup/news/world-cup-2026-us-transit-prices-fans-outraged,2026-04-17
https://www.objectwire.org/tags/apple,2026-04-17
https://www.objectwire.org/tags/automations,2026-04-17
https://www.objectwire.org/tags/patch-1.14.0,2026-04-17
https://www.objectwire.org/tags/ishowspeed,2026-04-17
https://www.objectwire.org/tags/events,2026-04-17
https://www.objectwire.org/tags/nintendo-switch-2,2026-04-17
https://www.objectwire.org/claude/news/anthropic-mythos-uk-banks-access-pip-white,2026-04-16
https://www.objectwire.org/claude/news/ecb-anthropic-claude-mythos-systemic-risk-inquiry,2026-04-16
https://www.objectwire.org/claude/news/white-house-omb-federal-agencies-anthropic-mythos-access,2026-04-16
https://www.objectwire.org/tech/news/mozilla-thunderbolt-self-hostable-ai-client,2026-04-16
https://www.objectwire.org/tags/creator-economy,2026-04-16
https://www.objectwire.org/tags/podcasts,2026-04-16
https://www.objectwire.org/video-games/new/slay-the-spire-2,2026-04-16
https://www.objectwire.org/claude/news/anthropic-mythos-uk-banks-expansion,2026-04-16
https://www.objectwire.org/video-games/gamestop/news/gamestop-ps3-xbox-360-wii-u-retro-consoles-march-2026,2026-04-16
https://www.objectwire.org/tags/season-15,2026-04-16
https://www.objectwire.org/cars/tesla-semi-truckers-mass-production-nevada-2026,2026-04-15
https://www.objectwire.org/tags/lindsey-vonn,2026-04-15
https://www.objectwire.org/technology/tencent-openclaw-ai-agent-wechat,2026-04-15
https://www.objectwire.org/google/news/apple-gemini-siri-upgrade-march-2026,2026-04-15
https://www.objectwire.org/video-games,2026-04-15
https://www.objectwire.org/crypto/usdc/news/circle-usdc-drift-hack-285m-2026,2026-04-15
https://www.objectwire.org/redbull/run-the-racks-okc-2026,2026-04-15
https://www.objectwire.org/service/photography-videography-austin-tx,2026-04-14
https://www.objectwire.org/news/artemis-ii-launch-lunar-journey-april-2026,2026-04-14
https://www.objectwire.org/define/prediction-market/sdny-prosecutors-insider-trading-prediction-markets-2026,2026-04-14
https://www.objectwire.org/tags/dagenham-&-redbridge,2026-04-14
https://www.objectwire.org/redbull/dance-your-style-nyc-2026,2026-04-13
https://www.objectwire.org/redbull/basement-usa-2026,2026-04-13
https://www.objectwire.org/redbull/wings-for-life-world-run-2026,2026-04-13
https://www.objectwire.org/tags/alibaba-qwen-3-6-model-preview-responses-api-typescript-sdk-2026,2026-04-13
https://www.objectwire.org/elon-musk/news/tesla-terafab-chip-fabrication-launch-march-21-2026,2026-04-12
https://www.objectwire.org/microsoft/news/how-to-accept-usdc-service-business-texas,2026-04-12
https://www.objectwire.org/winter-olympics,2026-04-12
https://www.objectwire.org/claude/news/anthropic-coreweave-multiyear-data-center-deal,2026-04-12
https://www.objectwire.org/formula-1,2026-04-11
https://www.objectwire.org/claude/news/software-stocks-crater-anthropic-mythos-gatekeep,2026-04-11
https://www.objectwire.org/indonesia/news/indonesia-5-5-percent-q1-growth-world-bank-cut,2026-04-11
https://www.objectwire.org/bio-hacking/penn-study-unreported-glp-1-side-effects-reddit,2026-04-11
https://www.objectwire.org/trump/news/trump-iran-warning-pakistan-negotiations,2026-04-11
https://www.objectwire.org/influencer/serge-gatari/ai-course-review,2026-04-11
https://www.objectwire.org/tags/digital-realty-3-25-billion-hyperscale-data-center-fund-2026,2026-04-11
https://www.objectwire.org/tags/agentic-ai,2026-04-11
https://www.objectwire.org/tags/rainbow-six-siege-y11s1-1-balance-patch-operator-buffs,2026-04-11
https://www.objectwire.org/tags/quietbox-2,2026-04-11
https://www.objectwire.org/service/surveillance,2026-04-10
https://www.objectwire.org/service/asset-collection,2026-04-10
https://www.objectwire.org/tags/nvidia-q4-ending-feb-25,2026-04-10
https://www.objectwire.org/tags/epic-games-vbucks-shrinkflation-chapter-7-season-2-2026,2026-04-10
https://www.objectwire.org/entertainment/news/paramount-skydance-acquires-warner-bros-discovery-110-billion,2026-04-09
https://www.objectwire.org/finance/articles/oanda-or-interactive-brokers-forex-trading-usa,2026-04-09
https://www.objectwire.org/cars/2025-nissan-z-vs-toyota-gr-supra-comparison,2026-04-09
https://www.objectwire.org/news/world-cup-travel-bans-trump-policy,2026-04-09
https://www.objectwire.org/microsoft/news/valve-ships-cs2-animation-overhaul-not-cs3-april-2026,2026-04-09
https://www.objectwire.org/tags/layoffs,2026-04-09
https://www.objectwire.org/bio-hacking,2026-04-09
https://www.objectwire.org/video-games/news/rainbow-six-siege-y11s1-1-balance-patch-operator-buffs,2026-04-09
https://www.objectwire.org/youtube/sidemen/inside-uk,2026-04-08
https://www.objectwire.org/tags/ai-hardware,2026-04-08
https://www.objectwire.org/california/california-highway-expansion-2026-state-transportation-improvement-program,2026-04-08
https://www.objectwire.org/entertainment/news/marty-supreme-enters-oscar-weekend-nine-nominations-low-odds,2026-04-08
https://www.objectwire.org/tags/sitemap,2026-04-08
https://www.objectwire.org/tags/alphabet-or-nvidia-here-s-who-i-think-will-win-the-ai-chip-war,2026-04-08
https://www.objectwire.org/tags/pegatron-opens-us-factory,2026-04-08
https://www.objectwire.org/meta/news/instagram-plus-subscription-test-philippines-japan-mexico-2026,2026-04-08
https://www.objectwire.org/tags/godot-engine,2026-04-08
https://www.objectwire.org/copyright/news/ninth-circuit-pauses-app-store-ruling-apple-supreme-court,2026-04-08
https://www.objectwire.org/crypto/news/coinbase-armstrong-network-states-everything-exchange,2026-04-08
https://www.objectwire.org/finance/news/buffett-dimon-warn-private-credit-risks-threaten-banks,2026-04-08
https://www.objectwire.org/open-ai/news/openai-safety-fellowship-new-yorker-probe,2026-04-08
https://www.objectwire.org/tags/strike,2026-04-08
https://www.objectwire.org/tags/chloe-kim-historic-three-peat-bid,2026-04-07
https://www.objectwire.org/tags/neurophos,2026-04-07
https://www.objectwire.org/crypto/usdc,2026-04-07
https://www.objectwire.org/tags/openai-aws-pentagon-classified-ai-deal-march-2026,2026-04-07
https://www.objectwire.org/trump/white-house-app-launch-direct-updates-2026,2026-04-07
https://www.objectwire.org/tags/perplexity,2026-04-07
https://www.objectwire.org/video-games/arknights-endfield,2026-04-07
https://www.objectwire.org/tags/hbomax,2026-04-07
https://www.objectwire.org/trump/trump-ice-agents-drop-masks-airports,2026-04-07
https://www.objectwire.org/sidemen/tbjzl,2026-04-07
https://www.objectwire.org/youtube/sidemen/tbjzl,2026-04-07
https://www.objectwire.org/tags/ask-2026,2026-04-07
https://www.objectwire.org/tags/intel-amd-cpu-prices-surge-15-percent-shortage-2026,2026-04-07
https://www.objectwire.org/tech/perplexity/news/perplexity-personal-computer-ai-agent-developer-suite-ask-2026,2026-04-07
https://www.objectwire.org/video-games/nintendo/pokemon-pokopia-2-million-copies-4-days-switch-2,2026-04-07
https://www.objectwire.org/tags/openai,2026-04-07
https://www.objectwire.org/tech/news/tenstorrent-tt-quietbox-2-risc-v-ai-workstation-9999,2026-04-07
https://www.objectwire.org/video-games/news/rainbow-six-siege-operation-silent-hunt-y11s1-solid-snake,2026-04-07
https://www.objectwire.org/winter-olympics/usa/elana-meyers-taylor-bobsled-gold,2026-04-07
https://www.objectwire.org/tags/epic-games,2026-04-07
https://www.objectwire.org/sidemen/vikkstar,2026-04-07
https://www.objectwire.org/youtube/sidemen/vikkstar,2026-04-07
https://www.objectwire.org/tags/black-lady-blacklives-matter,2026-04-07
https://www.objectwire.org/events/gtc-2026/closing-day-3-intel-microsoft-agentic-march-18-2026,2026-04-07
https://www.objectwire.org/entertainment/hbomax,2026-04-07
https://www.objectwire.org/equipment/dji,2026-04-07
https://www.objectwire.org/search/mozilla-firefox,2026-04-07
https://www.objectwire.org/tags/elemental-royalty,2026-04-06
https://www.objectwire.org/tags/amazon-ceo-jassy-ai-eliminate-jobs,2026-04-06
https://www.objectwire.org/tags/hedera-vs-solana-for-dapps,2026-04-06
https://www.objectwire.org/news/team-usa-womens-hockey-gold-2026,2026-04-06
https://www.objectwire.org/tags/usa-sweeps-gold-silver-in-womens-moguls,2026-04-06
https://www.objectwire.org/tags/agentic-vision,2026-04-05
https://www.objectwire.org/trump/tax-law-corporate-revenue-drop-65-billion,2026-04-05
https://www.objectwire.org/tags/xbox,2026-04-05
https://www.objectwire.org/tags/google,2026-04-05
https://www.objectwire.org/tags/super-mario,2026-04-05
https://www.objectwire.org/tags/donald-trump,2026-04-05
https://www.objectwire.org/tags/2025-nissan-z-vs-toyota-gr-supra-comparison,2026-04-05
https://www.objectwire.org/tech/news/anthropic-court-filings-disclose-5-billion-in-total-revenue,2026-04-05
https://www.objectwire.org/tags/research,2026-04-05
https://www.objectwire.org/tags/switch2,2026-04-05
https://www.objectwire.org/tags/alibaba,2026-04-05
https://www.objectwire.org/tags/soccer,2026-04-05
https://www.objectwire.org/tags/helium-crisis-semiconductor-iran-conflict-2026,2026-04-05
https://www.objectwire.org/tags/ceo,2026-04-05
https://www.objectwire.org/tags/artemis-ii-launch-lunar-journey-april-2026,2026-04-05
https://www.objectwire.org/tags/young-la,2026-04-05
https://www.objectwire.org/tags/dell,2026-04-05
https://www.objectwire.org/define/crypto/tether,2026-04-05
https://www.objectwire.org/tags/resident-evil,2026-04-05
https://www.objectwire.org/blackrock/news/blackrock-57-million-iqm-quantum-computers-us-listing-2026,2026-04-05
https://www.objectwire.org/tags/saved,2026-04-05
https://www.objectwire.org/claude/news/federal-agencies-replace-claude-gpt-41-trump-executive-directive,2026-04-05
https://www.objectwire.org/tags/omega-force,2026-04-04
https://www.objectwire.org/tags/environment,2026-04-04
https://www.objectwire.org/tech/minimax-maxclaw-openclaw-cloud-agent-clawbot-saas-february-2026,2026-04-04
https://www.objectwire.org/amazon/news/amazon-1-hour-3-hour-delivery-us-launch-march-2026,2026-04-04
https://www.objectwire.org/tags/team-usa-womens-hockey-gold-2026,2026-04-04
https://www.objectwire.org/tags/time-loop,2026-04-04
https://www.objectwire.org/tags/gta6-pre-orders-as-take-two-ausures-sony-microsoft-no-more-delay,2026-04-04
https://www.objectwire.org/video-games/valve-corporation,2026-04-04
https://www.objectwire.org/tags/logan-paul,2026-04-04
https://www.objectwire.org/tags/cybersecurity,2026-04-04
https://www.objectwire.org/tags/world-cup-travel-bans-trump-policy,2026-04-04
https://www.objectwire.org/tags/proof-of-engagement-blockchain-vs-proof-of-authority,2026-04-04
https://www.objectwire.org/tags/bryson-dechambeau,2026-04-04
https://www.objectwire.org/tags/canada-political-crisis,2026-04-04
https://www.objectwire.org/news/doordash-snap-ebt,2026-04-04
https://www.objectwire.org/tags/journalism,2026-04-04
https://www.objectwire.org/tags/crypto,2026-04-04
https://www.objectwire.org/apple/news/apple-50th-anniversary-apple-park-grand-finale-2026,2026-04-04
https://www.objectwire.org/tags/nvidia-groq-inference-processor-gtc-2026,2026-04-04
https://www.objectwire.org/tags/trump-executive-directive,2026-04-04
https://www.objectwire.org/crypto/news/kucoin-cftc-settlement-us-bar-peken-global,2026-04-02
https://www.objectwire.org/microsoft/news/microsoft-chevron-7b-texas-power-plant,2026-04-02
https://www.objectwire.org/technology/news/midas-50m-series-a-rwa-tokenization-liquidity,2026-04-02
https://www.objectwire.org/define/malware/axios-npm-hijacked-rat-malware,2026-04-02
https://www.objectwire.org/open-ai/news/chatgpt-carplay-launch,2026-04-02
https://www.objectwire.org/tags/doge,2026-04-02
https://www.objectwire.org/tags/nintendo,2026-04-02
https://www.objectwire.org/tags/paramount-skydance,2026-04-02
https://www.objectwire.org/youtube/sidemen/news,2026-04-02
https://www.objectwire.org/tags/ddos,2026-04-02
https://www.objectwire.org/events/davos/all-in-podcast,2026-04-02
https://www.objectwire.org/winter-olympics/france/biathlon-relay-gold-perrot-2026,2026-04-02
https://www.objectwire.org/tags/lng,2026-04-02
https://www.objectwire.org/events/davos/all-in-podcast/david-sacks,2026-04-02
https://www.objectwire.org/apple/news/apple-google-gemini-partnership,2026-04-02
https://www.objectwire.org/tags/gran-turismo,2026-04-02
https://www.objectwire.org/winter-olympics/lindsey-vonn/near-amputation-fasciotomy,2026-04-01
https://www.objectwire.org/netflix/news/netflix-acquires-ben-affleck-interpositive-ai-startup,2026-04-01
https://www.objectwire.org/microsoft/xbox/asha-sharma,2026-04-01
https://www.objectwire.org/video-games/racing/polyphony-gran-turismo,2026-04-01
https://www.objectwire.org/video-games/news/my-hero-ultra-rumble-season-15-review,2026-04-01
https://www.objectwire.org/video-games/news/gta6-pre-orders-as-take-two-ausures-sony-microsoft-no-more-delay,2026-04-01
https://www.objectwire.org/winter-olympics/usa-sweeps-gold-silver-in-womens-moguls,2026-04-01
https://www.objectwire.org/tags/diamond-gym,2026-04-01
https://www.objectwire.org/video-games/mha/ultra-rumble/season-15/strike-overhaul,2026-04-01
https://www.objectwire.org/winter-olympics/norway/oftebro-second-nordic-combined-gold,2026-04-01
https://www.objectwire.org/winter-olympics/news/malinin-fair-play-award-milano-cortina-2026-wrap-up,2026-04-01
https://www.objectwire.org/events/news/claude-hacker-puerto-vallarta,2026-04-01
https://www.objectwire.org/redbull/showrun-san-francisco-2026,2026-04-01
https://www.objectwire.org/redbull/bc-one-cypher-denver-2026,2026-04-01
https://www.objectwire.org/editorial-standards/authors,2026-04-01
https://www.objectwire.org/winter-olympics/usa/ilia-malinin,2026-04-01
https://www.objectwire.org/entertainment/news/prophet-ebo-noah-s-flood-prophecy,2026-04-01
https://www.objectwire.org/tags/ai-chips,2026-04-01
https://www.objectwire.org/tags/new-balance,2026-04-01
https://www.objectwire.org/clothing/skims/ceo,2026-04-01
https://www.objectwire.org/tags/mining,2026-03-31
https://www.objectwire.org/tags/innersloth,2026-03-31
https://www.objectwire.org/video-games/resident-evil-requiem,2026-03-31
https://www.objectwire.org/tags/nick-shirley-drops-second-part-of-fraud-investigation,2026-03-31
https://www.objectwire.org/news?category=cars,2026-03-31
https://www.objectwire.org/microsoft,2026-03-31
https://www.objectwire.org/artists/central-cee,2026-03-31
https://www.objectwire.org/college/guides/non-degree-studies-at-university-of-texas-austin,2026-03-31
https://www.objectwire.org/equipment/hasselblad,2026-03-31
https://www.objectwire.org/define/malware/deepload-ai-obfuscation-clickfix-2026,2026-03-31
https://www.objectwire.org/apple/news/apple-removes-anything-vibe-coding-app-store-2026,2026-03-31
https://www.objectwire.org/youtube/sidemen/inside-uk/season3/ratings-review-winner,2026-03-30
https://www.objectwire.org/tags/irgc,2026-03-30
https://www.objectwire.org/tags/tesla-terafab-chip-fabrication-launch-march-21-2026,2026-03-30
https://www.objectwire.org/crypto/usdc/circle-unfreeze-wallets-zachxbt-2026,2026-03-30
https://www.objectwire.org/entertainment/news/super-mario-galaxy-movie-kyoto-premiere-2026,2026-03-30
https://www.objectwire.org/finance/private-credit-redemption-crisis-blackstone-blackrock-blue-owl-2026,2026-03-30
https://www.objectwire.org/tags/chippo-grimes,2026-03-30
https://www.objectwire.org/tags/open-source-ai,2026-03-30
https://www.objectwire.org/finance/articles/nasdaq-proposed-24-7-trading,2026-03-30
https://www.objectwire.org/tags/slovenia,2026-03-30
https://www.objectwire.org/crypto/coinbase/clarity-act-stablecoin-yield-ban,2026-03-30
https://www.objectwire.org/nvidia/news/indie-devs-dlss5-boycott-new-blood-interactive,2026-03-30
https://www.objectwire.org/video-games/star-wars/star-wars-zero-company,2026-03-30
https://www.objectwire.org/crypto/news/anchorage-digital-tron-institutional-custody-2026,2026-03-30
https://www.objectwire.org/technology/news/kaiser-permanente-ufcw-contract-ai-protections-2026,2026-03-30
https://www.objectwire.org/tags/tyler-lucas-wins-kalshi-priced-in,2026-03-30
https://www.objectwire.org/tags/ilhan-omar,2026-03-30
https://www.objectwire.org/saas/hashicorp,2026-03-30
https://www.objectwire.org/tags/housing-market,2026-03-30
https://www.objectwire.org/_next/static/media/68d403cf9f2c68c5-s.p.f9f15f61.woff2,2026-03-29
https://www.objectwire.org/tags/render-vs-vercel-for-free-start-up-app-deployment,2026-03-29
https://www.objectwire.org/tags/ai-sovereignty-shift,2026-03-29
https://www.objectwire.org/news?category=ai,2026-03-29
https://www.objectwire.org/tags/yamanaka-factors-reverse-cellular-aging-markers,2026-03-29
https://www.objectwire.org/tags/team-usa,2026-03-29
https://www.objectwire.org/tags/horror,2026-03-29
https://www.objectwire.org/tech/federal-agencies-grok-safety-concerns-pentagon-classified-approval-2026,2026-03-29
https://www.objectwire.org/tags/bank-of-america,2026-03-29
https://www.objectwire.org/blog/open-ai-altman-government-oversight-pentagon-deal,2026-03-29
https://www.objectwire.org/tags/clair-obscur,2026-03-29
https://www.objectwire.org/tags/espn,2026-03-29
https://www.objectwire.org/tags/elon-musk,2026-03-29
https://www.objectwire.org/tags/ksi,2026-03-29
https://www.objectwire.org/tags/enterprise-ai,2026-03-29
https://www.objectwire.org/tech/dell/dell-pro-max-gb300-grace-blackwell-ultra-desktop-gtc-2026,2026-03-29
https://www.objectwire.org/winter-olympics/italy/luca-spechenhauser,2026-03-29
https://www.objectwire.org/google/google-research-releases-turboquant,2026-03-29
https://www.objectwire.org/tags/jensenhuang-ai-agent-will-boost-enterprise-software-value,2026-03-29
https://www.objectwire.org/trump/trump-auto-tariffs-25-percent-april-3,2026-03-29
https://www.objectwire.org/tags/codex,2026-03-29
https://www.objectwire.org/tags/ferrari,2026-03-28
https://www.objectwire.org/influencer/mika-lafuente,2026-03-28
https://www.objectwire.org/blog/winter-olympics-news-malinin-fair-play-award-milano-cortina-2026-wrap-up,2026-03-28
https://www.objectwire.org/define/hedera-vs-solana-for-dapps,2026-03-27
https://www.objectwire.org/news/texas/asml-hutto-semiconductor,2026-03-27
https://www.objectwire.org/tags/austin,2026-03-27
https://www.objectwire.org/blog/austin-waymo-city-council-bufords-ambulance-obstruction-2026,2026-03-27
https://www.objectwire.org/tags/season3,2026-03-27
https://www.objectwire.org/define/most-important-stablecoins-world-2026,2026-03-27
https://www.objectwire.org/blog/video-games-news-rockstar-gta6-psn-profile-exploit,2026-03-27
https://www.objectwire.org/define/largest-prediction-markets-united-states-2026,2026-03-27
https://www.objectwire.org/blog/video-games-nintendo-mar10-day-2026-40th-anniversary-super-mario,2026-03-27
https://www.objectwire.org/blog/copyright-elemental-atlus-royalties,2026-03-27
https://www.objectwire.org/youtube/chicos-toxicos,2026-03-27
https://www.objectwire.org/winter-olympics/china/eileen-gu,2026-03-26
https://www.objectwire.org/disney/news/disney-execs-pleased-avengers-doomsday-mcu-box-office-slump,2026-03-26
https://www.objectwire.org/microsoft/xbox,2026-03-26
https://www.objectwire.org/tags/gaming-rankings,2026-03-26
https://www.objectwire.org/bio-hacking/bianca-dias-bbl-death-brazil-insurance-shift,2026-03-26
https://www.objectwire.org/news?category=regulation,2026-03-26
https://www.objectwire.org/tags/missing-persons,2026-03-26
https://www.objectwire.org/youtube/sidemen/inside-uk/season3,2026-03-26
https://www.objectwire.org/tags/blighted-precipice,2026-03-26
https://www.objectwire.org/tags/first-winter-olympic-medal-figure-skating,2026-03-26
https://www.objectwire.org/tags/who-owns-the-ocean-floor,2026-03-26
https://www.objectwire.org/google,2026-03-26
https://www.objectwire.org/cloudflare/news/dynamic-workers-open-beta-ai-code-execution-2026,2026-03-26
https://www.objectwire.org/elon-musk/boring-company,2026-03-26
https://www.objectwire.org/social/meta/news/meta-ray-ban-display-glasses-eu-blocked-battery-regulation-2026,2026-03-26
https://www.objectwire.org/saas/news/render-vs-vercel-for-free-start-up-app-deployment,2026-03-26
https://www.objectwire.org/tags/among-us,2026-03-26
https://www.objectwire.org/tags/juno-ice-shell-18-miles-thick,2026-03-26
https://www.objectwire.org/copyright/meta/meta-child-safety-verdicts-new-mexico-los-angeles-march-2026,2026-03-25
https://www.objectwire.org/blog/nvidia-news-nvidia-blackwell-b300-data-center-demand-surge-2026,2026-03-25
https://www.objectwire.org/blog/google-google-research-releases-turboquant,2026-03-25
https://www.objectwire.org/news/texas/austin-tech-hub-decline,2026-03-25
https://www.objectwire.org/earth/news/japan-chikyu-deep-sea-rare-earth-extraction,2026-03-25
https://www.objectwire.org/tags/claude,2026-03-25
https://www.objectwire.org/winter-olympics/usa/alysa-liu,2026-03-25
https://www.objectwire.org/entertainment/beastgames/season-2,2026-03-25
https://www.objectwire.org/define/bets-off-act,2026-03-25
https://www.objectwire.org/events/gdc-2026,2026-03-25
https://www.objectwire.org/tags/vince-vaughn,2026-03-25
https://www.objectwire.org/tags/milan-cortina-2026,2026-03-25
https://www.objectwire.org/terms-of-service,2026-03-25
https://www.objectwire.org/apple,2026-03-25
https://www.objectwire.org/youtube/thefellas,2026-03-25
https://www.objectwire.org/service/infidelity,2026-03-25
https://www.objectwire.org/tags/us-politics,2026-03-25
https://www.objectwire.org/tags/team,2026-03-25
https://www.objectwire.org/tags/fashion,2026-03-25
https://www.objectwire.org/tags/behzinga,2026-03-25
https://www.objectwire.org/blog/technology-stablecoins-paypal-pyusd-70-markets-global-expansion-march-2026,2026-03-25
https://www.objectwire.org/blog/california-california-highway-expansion-2026-state-transportation-improvement-program,2026-03-25
https://www.objectwire.org/tags/critical-minerals,2026-03-25
https://www.objectwire.org/blackrock,2026-03-25
https://www.objectwire.org/tags/legal,2026-03-24
https://www.objectwire.org/blog/amazon-news-amazon-acquires-fauna-robotics-sprout-humanoid,2026-03-24
https://www.objectwire.org/technology/wordpress-ai-agents-write-publish-content-mcp-2026,2026-03-24
https://www.objectwire.org/blog/trump-trump-ice-agents-drop-masks-airports,2026-03-24
https://www.objectwire.org/tags/patch-notes,2026-03-24
https://www.objectwire.org/tags/pending-home-sales,2026-03-24
https://www.objectwire.org/blog/trump-musk-pay-tsa-workers-shutdown,2026-03-24
https://www.objectwire.org/blog/events-gdc-2026,2026-03-24
https://www.objectwire.org/blog/microsoft-xbox,2026-03-24
https://www.objectwire.org/blog/bio-hacking,2026-03-24
https://www.objectwire.org/blog/rocket-league,2026-03-24
https://www.objectwire.org/blog/microsoft,2026-03-24
https://www.objectwire.org/tags/genius-act,2026-03-24
https://www.objectwire.org/tags/contact,2026-03-24
https://www.objectwire.org/tags/logan-paul-sells-pokemon-card-16-million,2026-03-24
https://www.objectwire.org/tags/the-2026-sovereign-squeeze-ai-nuclear-age,2026-03-24
https://www.objectwire.org/tags/forza-horizon-6,2026-03-24
https://www.objectwire.org/tags/enterprise,2026-03-23
https://www.objectwire.org/tags/hetzner-cloud-vs-digitalocean,2026-03-23
https://www.objectwire.org/tags/console-footage-pushback,2026-03-23
https://www.objectwire.org/tags/how-do-prediction-markets-work,2026-03-23
https://www.objectwire.org/disney/news/incoming-ceo-floats-premiering-films-in-fortnite,2026-03-23
https://www.objectwire.org/tags/blue-owl-halts-fund-redemptions,2026-03-23
https://www.objectwire.org/tags/marathon,2026-03-22
https://www.objectwire.org/winter-olympics/lindsey-vonn-training-downhill,2026-03-22
https://www.objectwire.org/tags/prophet-ebo-noah-s-flood-prophecy,2026-03-22
https://www.objectwire.org/tags/swarm-engine,2026-03-22
https://www.objectwire.org/tags/virtual-production,2026-03-22
https://www.objectwire.org/tags/alibaba-ai-agent-mined-crypto-during-training,2026-03-22
https://www.objectwire.org/tags/digital-director,2026-03-22
https://www.objectwire.org/tags/john-carpenter,2026-03-22
https://www.objectwire.org/tags/eileen-gu,2026-03-21
https://www.objectwire.org/tags/index,2026-03-21
https://www.objectwire.org/tags/milano-cortina-2026,2026-03-21
https://www.objectwire.org/winter-olympics/italy/speedskating-team-pursuit-gold-2026,2026-03-21
https://www.objectwire.org/tags/microsoft,2026-03-21
https://www.objectwire.org/tags/fired,2026-03-21
https://www.objectwire.org/tags/lawsuit,2026-03-21
https://www.objectwire.org/tags/generative-ai,2026-03-21
https://www.objectwire.org/tags/icvfx,2026-03-21
https://www.objectwire.org/tags/steam-launch-record-267k-concurrent-players,2026-03-21
https://www.objectwire.org/microsoft/news/yamanaka-factors-reverse-cellular-aging-markers,2026-03-21
https://www.objectwire.org/tags/life-biosciences-fda-clearance-er-100-epigenetic-reprogramming-optic-neuropathy-2026,2026-03-21
https://www.objectwire.org/tags/unreal-engine,2026-03-20
https://www.objectwire.org/tags/aws-uae-data-center-fire-iran-strikes,2026-03-20
https://www.objectwire.org/tags/incoming-ceo-floats-premiering-films-in-fortnite,2026-03-19
https://www.objectwire.org/finance/articles/the-trillion-dollar-treasure-trove-in-the-deep-sea,2026-03-19
https://www.objectwire.org/tags/bellwright,2026-03-19
https://www.objectwire.org/tags/release-date-holdoff,2026-03-19
https://www.objectwire.org/tags/bungie,2026-03-19
https://www.objectwire.org/influencer/bryson-dechambeau/kalshi,2026-03-19
https://www.objectwire.org/tags/kotor-remake-saber-confirmed-still-in-development,2026-03-19
https://www.objectwire.org/events/davos/all-in-podcast/jason,2026-03-18
https://www.objectwire.org/news/2025/jerome-powell-federal-reserve-headquarters-renovation,2026-03-18
https://www.objectwire.org/tags/wishlists,2026-03-17
https://www.objectwire.org/winter-olympics/final-ceremony,2026-03-17
https://www.objectwire.org/tags/arr,2026-03-15
https://www.objectwire.org/tags/norway,2026-03-15
https://www.objectwire.org/tags/statistical-edge-permutation-testing-trading,2026-03-15
https://www.objectwire.org/tags/mastercard,2026-03-15
https://www.objectwire.org/finance/articles/starlink-economic-analysis,2026-03-14
https://www.objectwire.org/microsoft/news/nvidia-groq-inference-processor-gtc-2026,2026-03-13
https://www.objectwire.org/tags/mars,2026-03-13
https://www.objectwire.org/tags/china,2026-03-12
https://www.objectwire.org/crypto/txc-stablecoin,2026-03-12
https://www.objectwire.org/video-games/valve-corporation/court-ruling-private-companies-can-enforce-patent-troll-prevention-act,2026-03-12
https://www.objectwire.org/tags/authors,2026-03-12
https://www.objectwire.org/elon-musk/spacex,2026-03-12
https://www.objectwire.org/tags/foundry,2026-03-11
https://www.objectwire.org/tags/search,2026-03-11
https://www.objectwire.org/winter-olympics/swiss-skier-von-allmen-wins-third-gold,2026-03-11
https://www.objectwire.org/austin-private-detective-agency/,2026-03-11
https://www.objectwire.org/tags/virtual-boy,2026-03-11
https://www.objectwire.org/tags/drake,2026-03-10
https://www.objectwire.org/tags/private-investigations,2026-03-10
https://www.objectwire.org/tags/reference,2026-03-10
https://www.objectwire.org/tags/mandiant,2026-03-10
https://www.objectwire.org/tags/stock-market,2026-03-10
https://www.objectwire.org/tags/comet-ai-web-browser-vs-atlas-by-chatgpt,2026-03-10
https://www.objectwire.org/tags/nestjs-vs-nextjs-express,2026-03-10
https://www.objectwire.org/tags/france,2026-03-10
https://www.objectwire.org/tags/getfreetogether,2026-03-10
https://www.objectwire.org/tags/difference-between-http-and-rest-api-servers,2026-03-10
https://www.objectwire.org/tags/health,2026-03-10
https://www.objectwire.org/apple/news/apple-video-podcasts-youtube,2026-03-10
https://www.objectwire.org/tags/copilot,2026-03-10
https://www.objectwire.org/tags/my-hero-academia,2026-03-10
https://www.objectwire.org/tags/apple-intelligence,2026-03-10
https://www.objectwire.org/non-degree-studies-at-university-of-texas-austin,2026-03-10
https://www.objectwire.org/tags/x-twitter,2026-03-10
https://www.objectwire.org/tags/co-op,2026-03-10
https://www.objectwire.org/tags/tags,2026-03-10
https://www.objectwire.org/tags/prime,2026-03-10
https://www.objectwire.org/tags/apple-march-2026-products-macbook-iphone-17e-ipad-air-m5,2026-03-10
https://www.objectwire.org/tags/alphabet,2026-03-10
https://www.objectwire.org/tags/europa,2026-03-10
https://www.objectwire.org/tags/don-toliver,2026-03-10
https://www.objectwire.org/tags/help,2026-03-10
https://www.objectwire.org/tags/zerkaa,2026-03-10
https://www.objectwire.org/tags/canada,2026-03-10
https://www.objectwire.org/tags/comedy,2026-03-10
https://www.objectwire.org/video-games/mha/ultra-rumble/season-15,2026-03-10
https://www.objectwire.org/tags/andy-carroll,2026-03-10
https://www.objectwire.org/tags/education,2026-03-10
https://www.objectwire.org/tags/trump-epa-move-green-paradox,2026-03-10
https://www.objectwire.org/tags/stefano-domenicali,2026-03-10
https://www.objectwire.org/tags/mac-mini-houston-tx,2026-03-10
https://www.objectwire.org/tags/ngo,2026-03-10
https://www.objectwire.org/ngos,2026-03-09
https://www.objectwire.org/ironspring-ventures-startups-are-changing-construction-goodship-track3d-fleetpulse,2026-03-09
https://www.objectwire.org/saas/news/introducing-bitchat-jack-dorseys-game-changing-bluetooth-mesh-messaging-app,2026-03-09
https://www.objectwire.org/define/crypto/txc-stablecoin,2026-03-09
https://www.objectwire.org/video-games/mha/ultra-rumble,2026-03-09
https://www.objectwire.org/define/comet-ai-web-browser-vs-atlas-by-chatgpt,2026-03-09
https://www.objectwire.org/service/fact-finding-and-evidence-collection,2026-03-09
https://www.objectwire.org/apple/apple-iphone-18-delay-2027-foldable,2026-03-09
https://www.objectwire.org/google/agentic-vision,2026-03-09
https://www.objectwire.org/influencer/iman-gadzhi,2026-03-09
https://www.objectwire.org/podcasts/joe-rogan,2026-03-09
https://www.objectwire.org/saas/sailpoint,2026-03-09
https://www.objectwire.org/service/press-release,2026-03-09
https://www.objectwire.org/winter-olympics/lindsey-vonn,2026-03-08
https://www.objectwire.org/saas/upside,2026-03-06
https://www.objectwire.org/finance/articles/the-2026-sovereign-squeeze-ai-nuclear-age,2026-03-06
https://www.objectwire.org/technology/ai-sovereignty-shift,2026-03-05
https://www.objectwire.org/editorial-standards/,2026-03-04
https://www.objectwire.org/tags/newyork,2026-03-04
https://www.objectwire.org/elon-musk/sun-shading-the-billionaire-wants-ai-satellites-to-block-the-sun,2026-03-04
https://www.objectwire.org/news?category=finance,2026-03-02
https://www.objectwire.org/finance/articles/how-the-cme-rules-the-world,2026-03-02
https://www.objectwire.org/comet-ai-web-browser-vs-atlas-by-chatgpt,2026-03-01
https://www.objectwire.org/admin/dashboard,2026-03-01
https://www.objectwire.org/james-cameron,2026-02-28
https://www.objectwire.org/youtube/nelk-boys,2026-02-27
https://www.objectwire.org/social/meta,2026-02-25
https://www.objectwire.org/youtube/sidemen,2026-02-25
https://www.objectwire.org/oanda-or-interactive-brokers-forex-trading-usa,2026-02-25
https://www.objectwire.org/saas/apptronik,2026-02-25
https://www.objectwire.org/news?category=world affairs,2026-02-25
https://www.objectwire.org/news?category=support,2026-02-25
https://www.objectwire.org/nycs-ranked-choice-voting-system-faces-scrutiny-after-mayoral-upset,2026-02-25
https://www.objectwire.org/news?category=automotive,2026-02-25
https://www.objectwire.org/coding/nestjs-vs-nextjs-vs-express,2026-02-24
https://www.objectwire.org/mha,2026-02-24
https://www.objectwire.org/_next/static/media/70bc3e132a0a741e-s.p.15008bfb.woff2,2026-02-01
https://www.objectwire.org/rss.xml,2026-01-29
https://www.objectwire.org/james-cameron/avatar-fire-and-ash,2026-01-17
https://www.objectwire.org/infidelity,2026-01-12
https://www.objectwire.org/surveillance,2026-01-07
https://www.objectwire.org/paul-krugman-explains-future-financial-crisis-is-being-fueled-by-trump,2026-01-02
https://www.objectwire.org/the-house-of-sweden-dc-a-glass-beacon-of-nordic-diplomacy-on-the-potomac,2026-01-02
https://www.objectwire.org/judge-denies-bid-to-stop-doge-s-efforts-to-take-over-u-s-institute-of-peace,2026-01-01
https://www.objectwire.org/how-to-get-a-money-transmitter-license-in-texas-step-by-step-guide-for-2025,2026-01-01
https://www.objectwire.org/deepinvent-ais-new-tool-for-filing-provisional-patents-win-10k-at-inventathon-2025,2026-01-01
https://www.objectwire.org/bitcoin-is-no-longer-legal-tender-in-el-salvador,2025-12-31
https://www.objectwire.org/texas-instruments-ti-cc23xx-and-cc26xx-long-range-low-energy-mesh-for-edge-computing,2025-12-30
https://www.objectwire.org/tech-amazon-deploys-its-1-millionth-robot-in-a-sign-of-more-job-automation,2025-12-24
https://www.objectwire.org/security-step-in-after-paddy-pimblett-enters-the-cage-for-fiery-face-off-with-ilia-topuria-at-ufc-317,2025-12-24
https://www.objectwire.org/vercel-cloud-startup-puts-out-feelers-for-9-billion-valuation,2025-12-24
"https://www.objectwire.org/south-korea-political 
crisis-yoon-suk-yeol-second-arrest",2025-12-24
https://www.objectwire.org/u-s-department-of-education-workforce-reduction-2025-supreme-court-clears-path-for-massive-cuts-under-trump-administration,2025-12-24
https://www.objectwire.org/does-palantir-have-a-profile-on-you,2025-12-24
https://www.objectwire.org/what-is-the-physical-ai-fellowship-cohort-the-program-backed-by-aws-nvidia-and-massrobotics,2025-12-24
https://www.objectwire.org/rainmaker-ceo-what-does-the-company-do-rainmaker-leading-cloud-seeding-technology-history-of-company,2025-12-24
https://www.objectwire.org/texas-passes-traiga-pioneering-ai-governance-with-the-responsible-artificial-intelligence-act,2025-12-24
https://www.objectwire.org/cloud-based-bi-platform-revolutionizing-data-insights-domo,2025-12-24
https://www.objectwire.org/gbu-57-massive-ordnance-penetrator-key-debrief-on-its-game-changing-role,2025-12-24
https://www.objectwire.org/corruption-at-usaid-allegations-and-realities,2025-12-24
https://www.objectwire.org/jeff-evely-just-fined-28-872-50-for-walking-into-the-woods-in-nova-scotia,2025-12-22
https://www.objectwire.org/texas-start-ups,2025-12-22
https://www.objectwire.org/nordic-semiconductor-bluetooth-mesh-provides-nrf5x-and-nrf52-series-socs,2025-12-22
https://www.objectwire.org/austins-reign-as-a-tech-hub-might-be-coming-to-an-end,2025-12-21
https://www.objectwire.org/psiquantum-raises-1b-to-build-quantum-computers-in-chicago-and-australia,2025-12-10
https://www.objectwire.org/quantum-startup-infleqtion-plans-to-go-public-at-1-8-billion,2025-12-04
https://www.objectwire.org/fitch-us-credit-downgrade,2025-12-04
https://www.objectwire.org/ramaco-brook-mine-in-wyoming-is-the-first-rare-earth-mine-in-the-u-s-that-has-been-open-in-more-than-70-years-ramaco-brook-mine,2025-11-26
https://www.objectwire.org/of-how-ai-is-revolutionizing-weather-forecasting,2025-11-22
https://www.objectwire.org/supreme-court-says-a-fish-to-change-1984-chevron-deference,2025-11-17
https://www.objectwire.org/caitlin-clark-s-rise-transforming-women-s-basketball-and-igniting-wnba-rivalries,2025-11-17
https://www.objectwire.org/contactus,2025-11-07
http://www.objectwire.org/swift-payments-partners-with-hedera-hbar,2025-04-24